{
  "nivel_1": {
    "preguntas": [
      {
        "pregunta": "¿Cuál de estas imágenes representa la emoción de Alegría?",
        "id_pregunta": 1,
        "opciones": [
          {
            "id_opcion": 1,
            "opcion_texto": "Alegría",
            "es_correcto": true,
            "emocion": {
              "imagen_local": "alegria.png",
              "nombre_emocion": "Alegría",
              "descripcion": "Es cuando te sientes muy bien por dentro."
            }
          },
          {
            "id_opcion": 2,
            "opcion_texto": "Tristeza",
            "es_correcto": false,
            "emocion": {
              "imagen_local": "tristeza.png",
              "nombre_emocion": "Tristeza"
            }
          },
          {
            "id_opcion": 3,
            "opcion_texto": "Enfado",
            "es_correcto": false,
            "emocion": {
              "imagen_local": "enfado.png",
              "nombre_emocion": "Enfado"
            }
          }
        ]
      },
      {
        "pregunta": "¿Cuál de estas imágenes representa la emoción de Miedo?",
        "id_pregunta": 2,
        "opciones": [
          {
            "id_opcion": 1,
            "opcion_texto": "Miedo",
            "es_correcto": true,
            "emocion": {
              "imagen_local": "miedo.png",
              "nombre_emocion": "Miedo",
              "descripcion": "Es cuando algo te asusta y quieres protegerte o alejarte."
            }
          },
          {
            "id_opcion": 2,
            "opcion_texto": "Alegría",
            "es_correcto": false,
            "emocion": {
              "imagen_local": "alegria.png",
              "nombre_emocion": "Alegría"
            }
          },
          {
            "id_opcion": 3,
            "opcion_texto": "Enfado",
            "es_correcto": false,
            "emocion": {
              "imagen_local": "enfado.png",
              "nombre_emocion": "Enfado"
            }
          }
        ]
      },
      {
        "pregunta": "¿Cuál de estas imágenes representa la emoción de Tristeza?",
        "id_pregunta": 3,
        "opciones": [
          {
            "id_opcion": 1,
            "opcion_texto": "Enfado",
            "es_correcto": false,
            "emocion": {
              "imagen_local": "enfado.png",
              "nombre_emocion": "Enfado"
            }
          },
          {
            "id_opcion": 2,
            "opcion_texto": "Tristeza",
            "es_correcto": true,
            "emocion": {
              "imagen_local": "tristeza.png",
              "nombre_emocion": "Tristeza",
              "descripcion": "Es cuando algo te hace sentir mal o te falta algo que quieres mucho."
            }
          },
          {
            "id_opcion": 3,
            "opcion_texto": "Miedo",
            "es_correcto": false,
            "emocion": {
              "imagen_local": "miedo.png",
              "nombre_emocion": "Miedo"
            }
          }
        ]
      },
      {
        "pregunta": "¿Cuál de estas imágenes representa la emoción de Enfado?",
        "id_pregunta": 1,
        "opciones": [
          {
            "id_opcion": 1,
            "opcion_texto": "Alegría",
            "es_correcto": false,
            "emocion": {
              "imagen_local": "alegria.png",
              "nombre_emocion": "Alegría",
              "descripcion": "Es cuando te sientes muy bien por dentro."
            }
          },
          {
            "id_opcion": 2,
            "opcion_texto": "Tristeza",
            "es_correcto": false,
            "emocion": {
              "imagen_local": "tristeza.png",
              "nombre_emocion": "Tristeza"
            }
          },
          {
            "id_opcion": 3,
            "opcion_texto": "Enfado",
            "es_correcto": true,
            "emocion": {
              "imagen_local": "enfado.png",
              "nombre_emocion": "Enfado"
            }
          }
        ]
      }
    ]
  }
}
